NAME,ADDRESS,CITY,STATE,ZIP,January,February,March,April,May,June,July,August,September,October,November,December
Pawdacity,509 Fort St # A,Buffalo,WY,82834,16200,13392,14688,17064,18360,14040,12960,19224,15984,13392,13176,16848
Pawdacity,601 SE Wyoming Blvd Unit 252,Casper,WY,82609,29160,21600,27000,27648,29160,27216,25488,25704,22896,25272,28944,27648
Pawdacity,3769 E Lincolnway,Cheyenne,WY,82001,79920,70632,79056,77544,73656,77976,73872,77544,78516,74520,74736,79920
Pawdacity,2625 Big Horn Ave,Cody,WY,82414,19440,15984,19008,18144,16632,17496,18792,20304,19224,18144,18576,16632
Pawdacity,123 S 2nd St,Douglas,WY,82633,16200,13392,14688,17064,18360,14040,12960,19224,15984,29808,17496,18792
Pawdacity,932 Main St,Evanston,WY,82930,24840,21168,21600,22248,24192,24624,25488,25704,22032,21168,25920,24840
Pawdacity,200 E Lakeway Rd,Gillette,WY,82718,47520,41796,48384,47088,42336,41904,42120,47088,49032,48168,42984,44712
Pawdacity,180 S Bent St,Powell,WY,82435,20520,17928,20304,21168,21600,17928,18144,18576,20304,21168,17496,18792
Pawdacity,512 E Main St,Riverton,WY,82501,27000,22032,28512,26784,25920,24192,25056,22896,25488,26352,26784,22248
Pawdacity,2706 Commercial Way,Rock Springs,WY,82901,21600,19872,22248,20952,17496,24840,22464,21816,21384,20304,22032,18576
Pawdacity,1842 Sugarland Dr Ste 113,Sheridan,WY,82801,27000,26352,28080,22032,21168,29376,25920,20304,33696,23760,25056,25488